manageremail,storenumber
rose.lee@setechstores.com,590
ruth.piper@setechstores.com,644
kimberly.wallace@setechstores.com,882
cameron.james@setechstores.com,970
tim.powell@setechstores.com,205
lily.macleod@setechstores.com,497
alexander.paige@setechstores.com,763
michael.bailey@setechstores.com,783
evan.edmunds@setechstores.com,990
stephen.burdell@setechstores.com,149
will.mitchell@setechstores.com,262
sebastian.springer@setechstores.com,874
alan.grant@setechstores.com,53
gavin.greene@setechstores.com,635
gordon.ince@setechstores.com,360
zvi.duncan@setechstores.com,370
christian.johnson@setechstores.com,803
bernadette.dasgupta@setechstores.com,11
matt.hart@setechstores.com,537
gordon.underwood@setechstores.com,527
sam.slater@setechstores.com,134
pippa.fraser@setechstores.com,255
michelle.taylor@setechstores.com,327
bella.north@setechstores.com,651
nathan.black@setechstores.com,748
chloe.hart@setechstores.com,46
nicola.fisher@setechstores.com,68
jasmine.campbell@setechstores.com,544
penelope.cornish@setechstores.com,570
bernadette.blake@setechstores.com,797
vanessa.walsh@setechstores.com,251
paul.miller@setechstores.com,579
lily.lee@setechstores.com,587
matt.randall@setechstores.com,708
lina.james@setechstores.com,1000
ravi.mark@setechstores.com,40
anthony.dowd@setechstores.com,175
igor.clarkson@setechstores.com,322
nicola.clark@setechstores.com,90
bella.jackson@setechstores.com,589
edward.glover@setechstores.com,605
stewart.buckland@setechstores.com,830
deirdre.gill@setechstores.com,159
justin.peters@setechstores.com,373
will.moritz@setechstores.com,6
connor.christiansen@setechstores.com,157
christian.langdon@setechstores.com,487
julia.white@setechstores.com,585
paul.jackson@setechstores.com,765
sean.kerr@setechstores.com,16
paul.hughes@setechstores.com,277
simon.mackenzie@setechstores.com,323
abigail.manning@setechstores.com,641
tracey.reid@setechstores.com,889
gavin.ferguson@setechstores.com,907
nicholas.sanchez@setechstores.com,958
amy.davies@setechstores.com,169
andrew.welch@setechstores.com,482
penelope.mitchell@setechstores.com,563
ian.parr@setechstores.com,751
abigail.burdell@setechstores.com,140
milos.parr@setechstores.com,398
julian.fraser@setechstores.com,426
alison.abraham@setechstores.com,253
jessica.davies@setechstores.com,372
oliver.robertson@setechstores.com,610
deirdre.skinner@setechstores.com,865
stephen.berry@setechstores.com,124
carl.manning@setechstores.com,189
bernadette.piper@setechstores.com,455
emile.wilkins@setechstores.com,720
ravi.hudson@setechstores.com,784
anne.lewis@setechstores.com,922
james.manning@setechstores.com,176
paul.hemmings@setechstores.com,240
lillian.manning@setechstores.com,653
oliver.mathis@setechstores.com,811
sam.welch@setechstores.com,10
isaac.stewart@setechstores.com,25
dominic.wright@setechstores.com,191
boris.carr@setechstores.com,506
jessica.north@setechstores.com,601
stephen.macdonald@setechstores.com,698
dan.wallace@setechstores.com,838
ella.glover@setechstores.com,938
steven.abraham@setechstores.com,66
edward.gray@setechstores.com,221
nathan.oliver@setechstores.com,292
richard.bair@setechstores.com,891
robert.elmasri@setechstores.com,21
tracey.navathe@setechstores.com,59
andrew.isbell@setechstores.com,311
sean.howard@setechstores.com,328
edward.wallace@setechstores.com,407
milos.turner@setechstores.com,881
frank.white@setechstores.com,888
blake.russell@setechstores.com,345
matt.ellison@setechstores.com,355
fiona.langdon@setechstores.com,225
leo.ross@setechstores.com,276
jan.churchill@setechstores.com,352
bella.sanchez@setechstores.com,933
dan.roberts@setechstores.com,936
joe.dowd@setechstores.com,974
kevin.vance@setechstores.com,146
brandon.morgan@setechstores.com,160
eric.bower@setechstores.com,754
tim.christiansen@setechstores.com,64
julian.kerr@setechstores.com,353
andrew.burdell@setechstores.com,364
emma.hodges@setechstores.com,421
madeleine.manning@setechstores.com,465
bella.sharp@setechstores.com,336
ruth.abraham@setechstores.com,452
wanda.moritz@setechstores.com,843
jessica.rutherford@setechstores.com,69
steven.randall@setechstores.com,316
nicholas.bond@setechstores.com,569
igor.terry@setechstores.com,664
jane.russell@setechstores.com,679
gordon.may@setechstores.com,813
tim.dasgupta@setechstores.com,858
carl.pullman@setechstores.com,118
heather.sutherland@setechstores.com,378
deirdre.wright@setechstores.com,408
connor.short@setechstores.com,863
sam.mark@setechstores.com,212
thomas.lewis@setechstores.com,394
deirdre.edmunds@setechstores.com,705
zvi.paterson@setechstores.com,785
yvonne.poole@setechstores.com,833
zoe.gibson@setechstores.com,909
alexandra.sharp@setechstores.com,241
benjamin.berry@setechstores.com,438
adrian.lyman@setechstores.com,457
trevor.chapman@setechstores.com,606
diana.morrison@setechstores.com,744
liam.thomson@setechstores.com,761
zvi.wilkins@setechstores.com,130
claire.welch@setechstores.com,315
lina.hardacre@setechstores.com,631
charles.cornish@setechstores.com,136
leo.walker@setechstores.com,535
victoria.terry@setechstores.com,731
leonard.hunter@setechstores.com,898
isaac.black@setechstores.com,925
alexandra.gray@setechstores.com,987
emma.thomson@setechstores.com,82
steven.kelly@setechstores.com,312
joan.wright@setechstores.com,339
ravi.rees@setechstores.com,602
ian.miller@setechstores.com,624
matt.dasgupta@setechstores.com,804
adrian.hill@setechstores.com,151
katherine.clarkson@setechstores.com,269
christopher.dasgupta@setechstores.com,607
leah.graham@setechstores.com,645
leo.greene@setechstores.com,654
irene.cameron@setechstores.com,361
adam.watson@setechstores.com,539
lucas.rees@setechstores.com,560
jan.mackay@setechstores.com,847
alexandra.underwood@setechstores.com,70
zoe.hill@setechstores.com,218
dan.navathe@setechstores.com,626
amanda.welch@setechstores.com,723
ruth.elmasri@setechstores.com,880
mary.johnson@setechstores.com,503
richard.welch@setechstores.com,526
brandon.jones@setechstores.com,678
vanessa.kerr@setechstores.com,796
sam.jones@setechstores.com,825
julian.macleod@setechstores.com,826
david.christiansen@setechstores.com,29
cameron.sharp@setechstores.com,304
abigail.mills@setechstores.com,405
dylan.hart@setechstores.com,424
michelle.coleman@setechstores.com,510
steven.baker@setechstores.com,105
wendy.hardacre@setechstores.com,471
joanne.paterson@setechstores.com,648
sam.skinner@setechstores.com,148
ella.ince@setechstores.com,341
emily.davies@setechstores.com,542
max.avery@setechstores.com,343
natalie.short@setechstores.com,592
alexandra.cameron@setechstores.com,306
igor.bailey@setechstores.com,562
jacob.paterson@setechstores.com,726
joshua.buckland@setechstores.com,170
jan.king@setechstores.com,432
frank.north@setechstores.com,445
bernadette.sanderson@setechstores.com,571
evan.anderson@setechstores.com,799
molly.ross@setechstores.com,964
dylan.howard@setechstores.com,4
jason.nash@setechstores.com,33
alan.mitchell@setechstores.com,303
carl.walker@setechstores.com,529
ian.morgan@setechstores.com,674
robert.hunter@setechstores.com,15
amelia.fisher@setechstores.com,51
rebecca.berry@setechstores.com,244
james.sutherland@setechstores.com,366
theresa.metcalfe@setechstores.com,402
evan.bailey@setechstores.com,795
molly.marshall@setechstores.com,56
sonia.langdon@setechstores.com,410
austin.lyman@setechstores.com,572
karen.reid@setechstores.com,584
joanne.walsh@setechstores.com,617
emile.lyman@setechstores.com,876
piers.anderson@setechstores.com,71
thomas.joyner@setechstores.com,116
bernadette.knox@setechstores.com,331
richard.randall@setechstores.com,78
deirdre.turner@setechstores.com,227
mary.hart@setechstores.com,449
stephen.abraham@setechstores.com,753
natalie.clark@setechstores.com,873
amelia.manning@setechstores.com,107
jennifer.white@setechstores.com,195
dylan.murray@setechstores.com,279
anna.mcdonald@setechstores.com,516
carolyn.arnold@setechstores.com,734
grace.watson@setechstores.com,822
alexander.walker@setechstores.com,866
gordon.joyner@setechstores.com,338
nathan.vaughan@setechstores.com,788
lucas.vaughan@setechstores.com,860
paul.fraser@setechstores.com,126
lily.dowd@setechstores.com,415
harry.roberts@setechstores.com,578
blake.slater@setechstores.com,752
charles.isbell@setechstores.com,886
steven.robertson@setechstores.com,899
emma.allan@setechstores.com,194
victor.abraham@setechstores.com,554
nicholas.martin@setechstores.com,594
tracey.paterson@setechstores.com,719
emile.hill@setechstores.com,60
zvi.hudson@setechstores.com,60
bella.lambert@setechstores.com,413
joanne.hodges@setechstores.com,521
zvi.hudson@setechstores.com,566
mary.glover@setechstores.com,732
sally.baker@setechstores.com,840
jacob.simpson@setechstores.com,911
emily.patel@setechstores.com,520
nicholas.mackay@setechstores.com,548
felicity.quinn@setechstores.com,620
alexandra.cornish@setechstores.com,887
zoe.manning@setechstores.com,224
dylan.wilson@setechstores.com,350
theresa.burdell@setechstores.com,420
mary.henderson@setechstores.com,433
carolyn.short@setechstores.com,473
alan.lyman@setechstores.com,550
irene.martin@setechstores.com,122
audrey.davidson@setechstores.com,142
penelope.malliaris@setechstores.com,700
julia.peters@setechstores.com,986
jacob.mackenzie@setechstores.com,995
caroline.reid@setechstores.com,35
kevin.allan@setechstores.com,85
zvi.sutherland@setechstores.com,354
leonard.greene@setechstores.com,956
thomas.coleman@setechstores.com,310
lily.north@setechstores.com,348
sam.ellison@setechstores.com,629
sue.newman@setechstores.com,733
dylan.jackson@setechstores.com,965
eric.clarkson@setechstores.com,141
isaac.short@setechstores.com,385
william.mathis@setechstores.com,947
lucas.mark@setechstores.com,321
nicholas.lee@setechstores.com,536
angela.jones@setechstores.com,963
adrian.powell@setechstores.com,208
steven.marshall@setechstores.com,565
robert.metcalfe@setechstores.com,973
brandon.roberts@setechstores.com,356
peter.davidson@setechstores.com,431
kevin.blake@setechstores.com,662
david.hudson@setechstores.com,75
ada.martin@setechstores.com,791
deirdre.dowd@setechstores.com,871
ella.ogden@setechstores.com,18
theresa.langdon@setechstores.com,100
blake.martin@setechstores.com,434
rachel.cornish@setechstores.com,564
diane.macdonald@setechstores.com,923
harry.ellison@setechstores.com,106
audrey.ball@setechstores.com,399
trevor.arnold@setechstores.com,461
terry.taylor@setechstores.com,167
julian.king@setechstores.com,232
emile.langdon@setechstores.com,287
sally.wallace@setechstores.com,403
victoria.glover@setechstores.com,437
kevin.fraser@setechstores.com,931
kevin.mcgrath@setechstores.com,131
peter.short@setechstores.com,216
wanda.murray@setechstores.com,317
milos.hashimoto@setechstores.com,639
caroline.underwood@setechstores.com,187
kevin.wilkins@setechstores.com,573
connor.sharp@setechstores.com,801
olivia.nolan@setechstores.com,619
alexander.graening@setechstores.com,896
rachel.wilkins@setechstores.com,120
gabrielle.howard@setechstores.com,478
kevin.walker@setechstores.com,498
samantha.wilkins@setechstores.com,596
peter.manning@setechstores.com,79
olivia.young@setechstores.com,707
sophie.manning@setechstores.com,756
robert.campbell@setechstores.com,823
trevor.hardacre@setechstores.com,868
amy.christiansen@setechstores.com,119
audrey.ogden@setechstores.com,55
victor.bond@setechstores.com,139
natalie.alsop@setechstores.com,215
james.patel@setechstores.com,294
diane.ogden@setechstores.com,192
leo.mitchell@setechstores.com,666
gavin.robertson@setechstores.com,778
amy.hughes@setechstores.com,980
lillian.malliaris@setechstores.com,121
zvi.randall@setechstores.com,481
terry.may@setechstores.com,717
audrey.payne@setechstores.com,960
diane.reid@setechstores.com,89
katherine.parr@setechstores.com,115
blake.hodges@setechstores.com,275
sham.rutherford@setechstores.com,193
richard.morrison@setechstores.com,330
megan.kerr@setechstores.com,932
joe.chapman@setechstores.com,42
audrey.joyner@setechstores.com,94
michael.avery@setechstores.com,414
max.dickens@setechstores.com,633
liam.joyner@setechstores.com,557
justin.kelly@setechstores.com,575
mary.clarkson@setechstores.com,611
pooja.peters@setechstores.com,807
dylan.rampling@setechstores.com,7
liam.harris@setechstores.com,165
alexander.tucker@setechstores.com,375
virginia.quinn@setechstores.com,447
warren.rampling@setechstores.com,781
benjamin.arnold@setechstores.com,906
virginia.quinn@setechstores.com,906
andrew.hemmings@setechstores.com,61
boris.graham@setechstores.com,422
anna.carr@setechstores.com,837
wanda.alsop@setechstores.com,949
olivia.white@setechstores.com,992
jane.piper@setechstores.com,400
neil.dyer@setechstores.com,453
donna.gray@setechstores.com,458
terry.wright@setechstores.com,875
madeleine.vance@setechstores.com,885
molly.avery@setechstores.com,914
nicola.malliaris@setechstores.com,274
ryan.abraham@setechstores.com,755
emily.duncan@setechstores.com,962
bud.lawrence@setechstores.com,31
christopher.gill@setechstores.com,300
emile.mills@setechstores.com,488
bernadette.jackson@setechstores.com,665
harry.campbell@setechstores.com,725
nicholas.clark@setechstores.com,998
richard.mackenzie@setechstores.com,319
justin.martin@setechstores.com,342
alexander.moritz@setechstores.com,463
connor.arnold@setechstores.com,945
wendy.carr@setechstores.com,982
tracey.north@setechstores.com,45
joanne.short@setechstores.com,357
justin.black@setechstores.com,442
carolyn.paige@setechstores.com,513
diana.hardacre@setechstores.com,14
sue.walker@setechstores.com,243
elizabeth.brown@setechstores.com,340
keith.glover@setechstores.com,439
yvonne.piper@setechstores.com,634
andrew.macleod@setechstores.com,667
gordon.morgan@setechstores.com,901
angela.hamilton@setechstores.com,346
karen.lewis@setechstores.com,20
john.burdell@setechstores.com,622
justin.navathe@setechstores.com,158
jake.walsh@setechstores.com,844
austin.manning@setechstores.com,183
bud.kelly@setechstores.com,270
audrey.churchill@setechstores.com,443
jacob.howard@setechstores.com,534
luke.ince@setechstores.com,971
jason.mcgrath@setechstores.com,133
lisa.macdonald@setechstores.com,552
blake.payne@setechstores.com,917
victoria.howard@setechstores.com,128
isaac.terry@setechstores.com,469
dylan.mathis@setechstores.com,551
jessica.chapman@setechstores.com,741
john.mclean@setechstores.com,411
sebastian.smith@setechstores.com,576
joanne.miller@setechstores.com,691
elizabeth.may@setechstores.com,831
peter.henderson@setechstores.com,278
joe.powell@setechstores.com,475
adrian.berry@setechstores.com,655
maria.berry@setechstores.com,841
james.avery@setechstores.com,997
isaac.graham@setechstores.com,256
neil.graening@setechstores.com,441
gordon.davidson@setechstores.com,523
michelle.vaughan@setechstores.com,771
nicholas.arnold@setechstores.com,28
alan.lawrence@setechstores.com,429
penelope.arnold@setechstores.com,470
keith.alsop@setechstores.com,721
evan.langdon@setechstores.com,921
rose.peters@setechstores.com,261
sarah.ogden@setechstores.com,326
lucas.dickens@setechstores.com,878
jacob.nash@setechstores.com,912
stephanie.elmasri@setechstores.com,217
joanne.elmasri@setechstores.com,456
austin.duncan@setechstores.com,718
kylie.butler@setechstores.com,984
bernadette.rampling@setechstores.com,83
amanda.mills@setechstores.com,147
ava.wilson@setechstores.com,716
leah.edmunds@setechstores.com,910
jason.brown@setechstores.com,127
blake.forsyth@setechstores.com,425
charles.kelly@setechstores.com,451
irene.bell@setechstores.com,770
dominic.hemmings@setechstores.com,222
justin.alsop@setechstores.com,522
melanie.king@setechstores.com,790
diana.johnson@setechstores.com,168
lucas.carr@setechstores.com,309
olivia.james@setechstores.com,767
bernadette.malliaris@setechstores.com,231
adam.james@setechstores.com,239
bud.peters@setechstores.com,448
ian.sharp@setechstores.com,828
jonathan.lee@setechstores.com,902
igor.rutherford@setechstores.com,104
karen.macdonald@setechstores.com,184
yvonne.hart@setechstores.com,518
bud.lewis@setechstores.com,615
samantha.buckland@setechstores.com,991
amanda.sutherland@setechstores.com,86
alison.terry@setechstores.com,182
frank.mills@setechstores.com,495
keith.mitchell@setechstores.com,80
fiona.ferguson@setechstores.com,152
jacob.anderson@setechstores.com,265
keith.stewart@setechstores.com,199
angela.parr@setechstores.com,739
sonia.hemmings@setechstores.com,834
milos.abraham@setechstores.com,903
alexander.peters@setechstores.com,103
amelia.gill@setechstores.com,196
lisa.sharp@setechstores.com,499
igor.abraham@setechstores.com,883
heather.joyner@setechstores.com,318
joan.gibson@setechstores.com,627
keith.powell@setechstores.com,697
jason.jackson@setechstores.com,764
pooja.macdonald@setechstores.com,815
ravi.wallace@setechstores.com,223
nathan.buckland@setechstores.com,515
sean.simpson@setechstores.com,810
chloe.grant@setechstores.com,296
isaac.piper@setechstores.com,816
penelope.turner@setechstores.com,145
jennifer.sanderson@setechstores.com,597
kimberly.allan@setechstores.com,646
carol.north@setechstores.com,983
david.manning@setechstores.com,22
audrey.hunter@setechstores.com,233
audrey.vance@setechstores.com,483
lucas.lawrence@setechstores.com,530
elizabeth.reid@setechstores.com,836
victor.forsyth@setechstores.com,313
kevin.dickens@setechstores.com,358
maria.hardacre@setechstores.com,387
angela.vance@setechstores.com,595
jasmine.springer@setechstores.com,846
lisa.gray@setechstores.com,509
melanie.miller@setechstores.com,209
lily.peake@setechstores.com,252
michelle.rees@setechstores.com,640
sophie.dowd@setechstores.com,805
wanda.young@setechstores.com,349
donna.hughes@setechstores.com,386
katherine.payne@setechstores.com,851
steven.sanchez@setechstores.com,93
lillian.underwood@setechstores.com,229
dan.yatsutake@setechstores.com,427
william.gray@setechstores.com,467
vanessa.berry@setechstores.com,832
robert.brown@setechstores.com,271
michelle.tucker@setechstores.com,380
bernadette.manning@setechstores.com,395
edward.bair@setechstores.com,504
amelia.nash@setechstores.com,171
jake.knox@setechstores.com,320
jane.vance@setechstores.com,580
brandon.coleman@setechstores.com,684
dorothy.morgan@setechstores.com,117
natalie.hughes@setechstores.com,150
matt.kelly@setechstores.com,687
caroline.hemmings@setechstores.com,728
caroline.wright@setechstores.com,877
jonathan.robertson@setechstores.com,17
dan.murray@setechstores.com,472
joe.piper@setechstores.com,704
sarah.scott@setechstores.com,855
liam.peake@setechstores.com,480
terry.martin@setechstores.com,538
anthony.rees@setechstores.com,676
tom.hudson@setechstores.com,714
heather.anderson@setechstores.com,818
boris.lee@setechstores.com,333
caroline.fisher@setechstores.com,392
peter.hamilton@setechstores.com,857
heather.butler@setechstores.com,937
tracey.mark@setechstores.com,3
gavin.miller@setechstores.com,247
leo.miller@setechstores.com,750
joshua.marshall@setechstores.com,50
sarah.newman@setechstores.com,154
alexandra.forsyth@setechstores.com,690
carol.cameron@setechstores.com,806
piers.rampling@setechstores.com,849
cameron.russell@setechstores.com,30
milos.gibson@setechstores.com,110
penelope.gray@setechstores.com,266
sebastian.russell@setechstores.com,819
joshua.ferguson@setechstores.com,108
michael.terry@setechstores.com,177
warren.skinner@setechstores.com,670
neil.mcdonald@setechstores.com,919
virginia.cornish@setechstores.com,556
blake.fisher@setechstores.com,740
leo.mcgrath@setechstores.com,870
felicity.white@setechstores.com,890
joanne.fraser@setechstores.com,918
vanessa.joyner@setechstores.com,951
piers.dowd@setechstores.com,285
gavin.jackson@setechstores.com,363
michael.paige@setechstores.com,656
stewart.graham@setechstores.com,39
nicola.forsyth@setechstores.com,88
sarah.nash@setechstores.com,693
natalie.bailey@setechstores.com,44
jane.dyer@setechstores.com,238
chloe.wright@setechstores.com,302
harry.short@setechstores.com,926
lillian.dickens@setechstores.com,989
isaac.henderson@setechstores.com,853
michelle.walsh@setechstores.com,577
yvonne.bair@setechstores.com,591
jack.hudson@setechstores.com,97
ada.russell@setechstores.com,444
donna.morgan@setechstores.com,547
karen.graham@setechstores.com,900
lina.henderson@setechstores.com,985
andrew.short@setechstores.com,111
will.stewart@setechstores.com,113
william.macdonald@setechstores.com,758
irene.rees@setechstores.com,913
lillian.paige@setechstores.com,934
yvonne.paterson@setechstores.com,48
sam.roberts@setechstores.com,220
anne.johnston@setechstores.com,237
julian.lawrence@setechstores.com,393
penelope.wilkins@setechstores.com,600
christopher.mitchell@setechstores.com,735
simon.reid@setechstores.com,390
joanne.davidson@setechstores.com,404
wanda.graening@setechstores.com,683
igor.taylor@setechstores.com,41
joanne.lyman@setechstores.com,314
amelia.lawrence@setechstores.com,496
audrey.mitchell@setechstores.com,680
tom.lawrence@setechstores.com,821
ruth.hudson@setechstores.com,135
sophie.bond@setechstores.com,230
carolyn.baker@setechstores.com,702
lucas.johnston@setechstores.com,163
ava.ross@setechstores.com,466
rachel.walsh@setechstores.com,581
christopher.nash@setechstores.com,794
frank.clarkson@setechstores.com,908
cameron.white@setechstores.com,38
isaac.allan@setechstores.com,332
molly.peters@setechstores.com,412
robert.lawrence@setechstores.com,696
terry.wright@setechstores.com,179
julia.burdell@setechstores.com,291
christopher.bell@setechstores.com,468
bella.anderson@setechstores.com,500
amy.stewart@setechstores.com,749
austin.lee@setechstores.com,867
blake.paterson@setechstores.com,280
yvonne.abraham@setechstores.com,383
abigail.thomson@setechstores.com,435
ella.terry@setechstores.com,630
matt.hemmings@setechstores.com,766
julian.cornish@setechstores.com,808
ruth.coleman@setechstores.com,288
una.morrison@setechstores.com,558
alison.gray@setechstores.com,854
una.pullman@setechstores.com,190
blake.rampling@setechstores.com,347
julian.alsop@setechstores.com,657
alison.rutherford@setechstores.com,772
christopher.pullman@setechstores.com,172
sebastian.dyer@setechstores.com,206
jacob.rees@setechstores.com,379
carol.wilkins@setechstores.com,972
milos.wilkins@setechstores.com,156
gordon.mathis@setechstores.com,367
neil.graening@setechstores.com,367
wanda.poole@setechstores.com,835
william.black@setechstores.com,948
rebecca.nolan@setechstores.com,228
claire.lee@setechstores.com,368
sebastian.gibson@setechstores.com,692
nicola.newman@setechstores.com,930
blake.hughes@setechstores.com,979
kylie.paige@setechstores.com,34
stephen.johnston@setechstores.com,77
jason.payne@setechstores.com,207
tracey.clark@setechstores.com,419
anne.simpson@setechstores.com,524
steven.arnold@setechstores.com,2
neil.walker@setechstores.com,329
leo.white@setechstores.com,682
natalie.navathe@setechstores.com,978
kimberly.turner@setechstores.com,84
igor.davidson@setechstores.com,553
colin.gray@setechstores.com,768
leo.anderson@setechstores.com,54
sophie.bower@setechstores.com,689
trevor.young@setechstores.com,36
paul.sharp@setechstores.com,359
chloe.mackenzie@setechstores.com,673
dorothy.taylor@setechstores.com,845
heather.ellison@setechstores.com,944
keith.wilkins@setechstores.com,9
neil.hamilton@setechstores.com,197
phil.hardacre@setechstores.com,114
joe.murray@setechstores.com,267
dominic.white@setechstores.com,729
jennifer.glover@setechstores.com,779
john.poole@setechstores.com,824
colin.sanderson@setechstores.com,74
deirdre.jackson@setechstores.com,96
jacob.lee@setechstores.com,677
faith.walsh@setechstores.com,694
sue.tucker@setechstores.com,959
dorothy.lee@setechstores.com,13
david.walsh@setechstores.com,24
ella.tucker@setechstores.com,248
jack.parsons@setechstores.com,616
will.malliaris@setechstores.com,242
stephanie.north@setechstores.com,942
benjamin.underwood@setechstores.com,954
stephen.greene@setechstores.com,961
nicola.gibson@setechstores.com,112
hannah.watson@setechstores.com,388
dylan.harris@setechstores.com,464
mary.butler@setechstores.com,663
sarah.mcgrath@setechstores.com,724
trevor.piper@setechstores.com,180
jan.morrison@setechstores.com,281
keith.rees@setechstores.com,598
warren.jackson@setechstores.com,927
angela.ince@setechstores.com,967
michael.joyner@setechstores.com,1
blake.hill@setechstores.com,362
donna.roberts@setechstores.com,532
joshua.springer@setechstores.com,722
deirdre.fraser@setechstores.com,759
elizabeth.manning@setechstores.com,712
blake.morgan@setechstores.com,774
lauren.lee@setechstores.com,862
steven.carr@setechstores.com,166
madeleine.sutherland@setechstores.com,491
diana.rees@setechstores.com,817
jack.young@setechstores.com,337
julia.james@setechstores.com,490
zvi.cornish@setechstores.com,508
warren.smith@setechstores.com,686
james.roberts@setechstores.com,894
christopher.welch@setechstores.com,137
joshua.christiansen@setechstores.com,514
theresa.paige@setechstores.com,699
julie.edmunds@setechstores.com,829
megan.hemmings@setechstores.com,258
lisa.young@setechstores.com,324
stewart.randall@setechstores.com,737
diane.underwood@setechstores.com,773
dan.skinner@setechstores.com,915
nicola.peters@setechstores.com,19
yvonne.bailey@setechstores.com,745
joanne.peake@setechstores.com,757
chloe.russell@setechstores.com,760
melanie.blake@setechstores.com,143
samantha.davidson@setechstores.com,742
boris.hashimoto@setechstores.com,26
diane.duncan@setechstores.com,95
piers.metcalfe@setechstores.com,174
james.marshall@setechstores.com,738
bella.lewis@setechstores.com,164
bella.churchill@setechstores.com,637
sebastian.nash@setechstores.com,27
milos.sharp@setechstores.com,123
pooja.gill@setechstores.com,418
simon.churchill@setechstores.com,440
pippa.roberts@setechstores.com,517
rebecca.burdell@setechstores.com,73
alison.nash@setechstores.com,746
joanne.hughes@setechstores.com,895
caroline.mills@setechstores.com,219
jessica.gibson@setechstores.com,273
grace.johnson@setechstores.com,643
david.paterson@setechstores.com,798
frank.davies@setechstores.com,976
olivia.jackson@setechstores.com,259
una.hill@setechstores.com,283
richard.avery@setechstores.com,284
anna.ross@setechstores.com,574
hannah.burgess@setechstores.com,661
lina.berry@setechstores.com,365
cameron.hudson@setechstores.com,621
sebastian.hamilton@setechstores.com,65
madeleine.cameron@setechstores.com,290
cameron.quinn@setechstores.com,462
jonathan.cornish@setechstores.com,502
jane.christiansen@setechstores.com,996
trevor.abraham@setechstores.com,98
max.martin@setechstores.com,198
una.yatsutake@setechstores.com,593
victor.hill@setechstores.com,743
terry.miller@setechstores.com,820
joanne.burdell@setechstores.com,369
peter.morgan@setechstores.com,391
amelia.underwood@setechstores.com,688
evan.hill@setechstores.com,446
brian.patel@setechstores.com,493
blake.smith@setechstores.com,939
charles.elmasri@setechstores.com,299
sean.lyman@setechstores.com,401
christopher.davidson@setechstores.com,642
kimberly.johnson@setechstores.com,417
leo.sanchez@setechstores.com,809
irene.peters@setechstores.com,968
joseph.bower@setechstores.com,63
carl.dowd@setechstores.com,186
joan.powell@setechstores.com,706
jane.morrison@setechstores.com,23
theresa.peters@setechstores.com,211
leah.murray@setechstores.com,263
jane.pullman@setechstores.com,859
stephen.hamilton@setechstores.com,505
sophie.rutherford@setechstores.com,802
pippa.butler@setechstores.com,941
joan.mackenzie@setechstores.com,76
rachel.campbell@setechstores.com,102
sam.mathis@setechstores.com,307
jack.lyman@setechstores.com,406
victor.king@setechstores.com,555
leah.rees@setechstores.com,850
una.davidson@setechstores.com,893
dylan.morrison@setechstores.com,87
carolyn.clarkson@setechstores.com,91
samantha.fraser@setechstores.com,226
gavin.bailey@setechstores.com,599
blake.chapman@setechstores.com,946
christopher.fraser@setechstores.com,969
lisa.buckland@setechstores.com,125
elizabeth.poole@setechstores.com,289
jane.dickens@setechstores.com,839
julie.isbell@setechstores.com,144
dylan.miller@setechstores.com,213
phil.johnson@setechstores.com,604
tim.bond@setechstores.com,628
bella.kelly@setechstores.com,736
colin.walker@setechstores.com,203
amelia.bailey@setechstores.com,625
oliver.parr@setechstores.com,920
kylie.isbell@setechstores.com,67
wendy.nolan@setechstores.com,668
evan.dasgupta@setechstores.com,200
fiona.mitchell@setechstores.com,614
neil.scott@setechstores.com,710
matt.butler@setechstores.com,827
donna.burgess@setechstores.com,162
penelope.coleman@setechstores.com,381
harry.poole@setechstores.com,528
faith.kelly@setechstores.com,582
cameron.stewart@setechstores.com,47
charles.duncan@setechstores.com,181
carol.henderson@setechstores.com,727
gabrielle.carr@setechstores.com,234
isaac.edmunds@setechstores.com,260
andrea.cameron@setechstores.com,459
colin.marshall@setechstores.com,486
terry.patel@setechstores.com,397
leo.lambert@setechstores.com,436
leah.langdon@setechstores.com,952
edward.ross@setechstores.com,988
nicola.hashimoto@setechstores.com,776
jan.hamilton@setechstores.com,793
colin.hughes@setechstores.com,955
matt.clark@setechstores.com,173
sham.nolan@setechstores.com,549
alan.bell@setechstores.com,856
ruth.kelly@setechstores.com,897
phil.wilkins@setechstores.com,99
joseph.ferguson@setechstores.com,485
andrew.dasgupta@setechstores.com,650
joseph.gibson@setechstores.com,713
sam.hamilton@setechstores.com,848
tom.walsh@setechstores.com,201
lucas.anderson@setechstores.com,204
william.kelly@setechstores.com,613
irene.russell@setechstores.com,957
jack.jackson@setechstores.com,293
matt.stewart@setechstores.com,618
gabrielle.turner@setechstores.com,711
eric.piper@setechstores.com,512
gavin.martin@setechstores.com,647
igor.macleod@setechstores.com,842
owen.hodges@setechstores.com,924
boris.manning@setechstores.com,335
sonia.lee@setechstores.com,351
paul.metcalfe@setechstores.com,430
stephen.sanchez@setechstores.com,879
victoria.tucker@setechstores.com,916
steven.mackay@setechstores.com,975
amanda.rampling@setechstores.com,235
evan.hashimoto@setechstores.com,603
neil.baker@setechstores.com,775
donna.stewart@setechstores.com,789
lucas.wilson@setechstores.com,109
christian.rees@setechstores.com,344
warren.white@setechstores.com,792
max.walker@setechstores.com,904
stephen.stewart@setechstores.com,43
brandon.arnold@setechstores.com,371
amanda.murray@setechstores.com,382
luke.parsons@setechstores.com,546
leonard.gray@setechstores.com,935
peter.smith@setechstores.com,37
jasmine.isbell@setechstores.com,161
carl.ince@setechstores.com,188
carolyn.howard@setechstores.com,450
audrey.poole@setechstores.com,685
adrian.abraham@setechstores.com,999
ryan.mackay@setechstores.com,101
justin.edmunds@setechstores.com,272
pooja.joyner@setechstores.com,301
brian.oliver@setechstores.com,334
rebecca.rees@setechstores.com,423
jane.roberts@setechstores.com,675
jonathan.anderson@setechstores.com,872
justin.graening@setechstores.com,58
dominic.parr@setechstores.com,257
jack.walsh@setechstores.com,543
lillian.miller@setechstores.com,559
lily.mclean@setechstores.com,928
sham.edmunds@setechstores.com,57
luke.scott@setechstores.com,325
una.peake@setechstores.com,377
anne.blake@setechstores.com,981
kimberly.stewart@setechstores.com,254
robert.nolan@setechstores.com,282
fiona.scott@setechstores.com,525
sue.vance@setechstores.com,892
alan.greene@setechstores.com,202
alison.coleman@setechstores.com,210
fiona.burgess@setechstores.com,777
peter.white@setechstores.com,884
michael.martin@setechstores.com,943
colin.hodges@setechstores.com,389
anne.hunter@setechstores.com,454
terry.rutherford@setechstores.com,950
liam.wilkins@setechstores.com,132
alexandra.allan@setechstores.com,245
gabrielle.hughes@setechstores.com,305
sally.yatsutake@setechstores.com,681
julia.mcdonald@setechstores.com,298
sham.joyner@setechstores.com,632
anthony.churchill@setechstores.com,994
edward.welch@setechstores.com,249
tom.cameron@setechstores.com,609
blake.hardacre@setechstores.com,660
milos.hill@setechstores.com,669
ava.miller@setechstores.com,800
natalie.mills@setechstores.com,297
eric.welch@setechstores.com,376
dominic.morgan@setechstores.com,264
dorothy.sanchez@setechstores.com,489
leonard.mitchell@setechstores.com,541
madeleine.kelly@setechstores.com,780
julie.knox@setechstores.com,52
carl.peake@setechstores.com,81
sam.morrison@setechstores.com,531
alexander.hodges@setechstores.com,409
charles.hill@setechstores.com,474
ruth.forsyth@setechstores.com,476
ravi.burdell@setechstores.com,588
evan.murray@setechstores.com,608
john.hashimoto@setechstores.com,396
leo.morgan@setechstores.com,484
alexander.davidson@setechstores.com,507
sebastian.patel@setechstores.com,8
victor.sanchez@setechstores.com,72
lily.rees@setechstores.com,236
julia.fisher@setechstores.com,308
ruth.king@setechstores.com,786
maria.murray@setechstores.com,250
simon.simpson@setechstores.com,428
wanda.buckland@setechstores.com,769
michelle.alsop@setechstores.com,5
jasmine.bell@setechstores.com,62
elizabeth.henderson@setechstores.com,178
mary.nolan@setechstores.com,460
bernadette.clarkson@setechstores.com,787
stewart.wallace@setechstores.com,492
molly.jackson@setechstores.com,540
caroline.may@setechstores.com,861
gabrielle.hemmings@setechstores.com,905
christian.hardacre@setechstores.com,533
sarah.harris@setechstores.com,652
joshua.sharp@setechstores.com,703
terry.bond@setechstores.com,977
rose.payne@setechstores.com,286
julia.cornish@setechstores.com,658
nicholas.mclean@setechstores.com,864
james.carr@setechstores.com,129
joseph.anderson@setechstores.com,384
joseph.anderson@setechstores.com,671
james.carr@setechstores.com,747
jasmine.bell@setechstores.com,715
elizabeth.henderson@setechstores.com,762
mary.nolan@setechstores.com,812
bernadette.clarkson@setechstores.com,246
stewart.wallace@setechstores.com,494
molly.jackson@setechstores.com,638
caroline.may@setechstores.com,155
gabrielle.hemmings@setechstores.com,586
christian.hardacre@setechstores.com,869
bernadette.rampling@setechstores.com,953
amanda.mills@setechstores.com,612
ava.wilson@setechstores.com,966
leah.edmunds@setechstores.com,32
andrea.chapman@setechstores.com,153
andrea.chapman@setechstores.com,295
andrea.chapman@setechstores.com,519
andrea.chapman@setechstores.com,852
zvi.duncan@setechstores.com,940
christian.johnson@setechstores.com,993
bernadette.dasgupta@setechstores.com,416
matt.hart@setechstores.com,477
gordon.underwood@setechstores.com,501
sam.slater@setechstores.com,623
liam.joyner@setechstores.com,701
justin.kelly@setechstores.com,268
mary.clarkson@setechstores.com,12
pooja.peters@setechstores.com,511
jessica.chapman@setechstores.com,138
john.mclean@setechstores.com,568
sebastian.smith@setechstores.com,583
joanne.miller@setechstores.com,782
yvonne.bailey@setechstores.com,49
joanne.peake@setechstores.com,92
chloe.russell@setechstores.com,374
chloe.russell@setechstores.com,636
chloe.russell@setechstores.com,649
chloe.russell@setechstores.com,695
chloe.wright@setechstores.com,185
harry.short@setechstores.com,214
lillian.dickens@setechstores.com,730
isaac.henderson@setechstores.com,814
michelle.walsh@setechstores.com,929
sebastian.gibson@setechstores.com,545
nicola.newman@setechstores.com,561
blake.hughes@setechstores.com,567
blake.hughes@setechstores.com,709
michelle.alsop@setechstores.com,659
michelle.alsop@setechstores.com,672
